subject,body
A Thought â€“ What if Product Insights Could Tell the Story Behind the Data?,"Hi Mr. Tagesson,What if your Product Insights platform didnâ€™t just visualize the dataâ€”but told the story behind it?Imagine an AI agent that connects multiple chartsâ€”sales spikes, marketing spends, stock levelsâ€”and weaves them into a narrative: â€œYour February sales dropped 12% despite increased ad spend. Meanwhile, inventory turnover slowed, suggesting a misalignment in campaign timing.â€ This kind of insight, written in clear natural language, would make your forecasts not only visible, but explainableâ€”giving users instant clarity and confidence in their next move.This is the kind of agent I would love to build with Dema.ai.I'm Lingyu Kong, a masterâ€™s student at Stockholm University with a strong interest in AI agents. Before that, I spent several years as a financial analyst and developer, building internal tools that served over 100 users and enabled dataâ€‘driven decisions in highâ€‘stakes environments. Iâ€™ve seen firsthand how difficult it can be for nonâ€‘technical users to extract actionable insight from even the best dashboards.Thatâ€™s why Iâ€™m hereâ€”to share this thought with you and see if it resonates.Iâ€™ve attached my rÃ©sumÃ© and would be thrilled to discuss how this idea could take shape at Dema.aiâ€”whether as a student project, internship, or collaboration.Looking forward to your thoughts!Warm regards,Lingyu Kong"
A Thought â€“ What if Product Insights Could Tell the Story Behind the Data?,"Hi Mr. Tagesson,What if your Product Insights platform didnâ€™t just visualize the dataâ€”but told the story behind it?Imagine an AI agent that connects multiple chartsâ€”sales spikes, marketing spends, stock levelsâ€”and weaves them into a narrative: â€œYour February sales dropped 12% despite increased ad spend. Meanwhile, inventory turnover slowed, suggesting a misalignment in campaign timing.â€ This kind of insight, written in clear natural language, would make your forecasts not only visible, but explainableâ€”giving users instant clarity and confidence in their next move.This is the kind of agent I would love to build with Dema.ai.I'm Lingyu Kong, a masterâ€™s student at Stockholm University with a strong interest in AI agents. Before that, I spent several years as a financial analyst and developer, building internal tools that served over 100 users and enabled dataâ€‘driven decisions in highâ€‘stakes environments. Iâ€™ve seen firsthand how difficult it can be for nonâ€‘technical users to extract actionable insight from even the best dashboards.Thatâ€™s why Iâ€™m hereâ€”to share this thought with you and see if it resonates.Iâ€™ve attached my rÃ©sumÃ© and would be thrilled to discuss how this idea could take shape at Dema.aiâ€”whether as a student project, internship, or collaboration.Looking forward to your thoughts!Warm regards,Lingyu Kong"
A Thought â€“ What if Product Insights Could Tell the Story Behind the Data?,"Hi Mr. Feldell,What if your Product Insights platform didnâ€™t just visualize the dataâ€”but told the story behind it?Imagine an AI agent that connects multiple chartsâ€”sales spikes, marketing spends, stock levelsâ€”and weaves them into a narrative: â€œYour February sales dropped 12% despite increased ad spend. Meanwhile, inventory turnover slowed, suggesting a misalignment in campaign timing.â€ This kind of insight, written in clear natural language, would make your forecasts not only visible, but explainableâ€”giving users instant clarity and confidence in their next move.This is the kind of agent I would love to build with Dema.ai.I'm Lingyu Kong, a masterâ€™s student at Stockholm University with a strong interest in AI agents. Before that, I spent several years as a financial analyst and developer, building internal tools that served over 100 users and enabled dataâ€‘driven decisions in highâ€‘stakes environments. Iâ€™ve seen firsthand how difficult it can be for nonâ€‘technical users to extract actionable insight from even the best dashboards.Thatâ€™s why Iâ€™m hereâ€”to share this thought with you and see if it resonates.Iâ€™ve attached my rÃ©sumÃ© and would be thrilled to discuss how this idea could take shape at Dema.aiâ€”whether as a student project, internship, or collaboration.Looking forward to your thoughts!Warm regards,Lingyu Kong"
Application for Game Server/Game Platform Developer Intern Position,"Dear Hiring Team at Fantasma,Iâ€™m excited to apply for the Game Server/Game Platform Developer Intern position at Fantasma. As an avid gamer, Iâ€™ve enjoyed exploring Fantasmaâ€™s portfolioâ€”from Santa's Golden Christmas to Gold Piggerâ€”and Iâ€™m particularly drawn to your creative take on casino mechanics.â€”Iâ€™m eager to contribute my technical skills and passion for gaming to your team.With a strong background in Node.js, TypeScript, Docker, and solid knowledge of OOP and design patterns, Iâ€™m confident in my ability to contribute to your team. Currently, Iâ€™m pursuing my masterâ€™s in Computer and Systems Sciences program. In a past project, I developed a reporting platform that automated workflows for over 100 users, showing my ability to build efficient and scalable solutions. Although I don't have prior experience in game development, I'm a passionate gamer. I love strategic games like Texas Holdâ€™em and Deception Tavern, and I believe my understanding of gameplay and player psychology will help me quickly adapt to casino game development. Iâ€™m available full-time from June 6th to September 1st, and can start part-time immediately if needed. I'm truly excited about the opportunity to learn and contribute, even without financial compensation. Thank you for considering my application. Best regards, Leo Kong"
Re: Request to join team,"Thanks for reaching out â€” we'd love to have you join our team! ğŸ˜ŠJust a heads-up: we're all pretty new to hackathons and mainly joined to learn and explore something interesting together. We're not aiming to win, but weâ€™ll do our best to build a complete project and grow from the experience.Hereâ€™s our Discord link: https://discord.gg/DVkj2KqA â€” feel free to hop in and say hi!Looking forward to teaming up! ğŸš€â€” LionyuFrom: Chidiebube Ogbodo Date: Wednesday, April 16, 2025 at 20:54To: lionyu_kong@outlook.com Subject: Request to join teamHello Lionyu Kong, I saw this link to request to join your team for the microsoft hackathon and would love to team up. I'm a C#/Python dev with loads of experience in Ai and ML"
Pre-Lab 1 on April 15 â€“ Zoom Option?  ,"Hi Martin,Hope youâ€™re doing well!I saw that April 15 is the only slot available for NLP Pre-Lab 1. Unfortunately, I wonâ€™t be able to come to campus that day due to a family matter. Would it be okay if I joined the session via Zoom instead?Thanks a lot in advance!Best,Leo"
Missing SCRM Write Exam Grade (Student ID: liko3982)  ,"Hi, I have not received my grade for the SCRM Write Exam . Could you please verify if there might be an issue with the recording or release of my result? My Student ID: liko3982 Thank you for your help. Best regards, Lingyu Kong"
Re: AI Agents Hackathon,"Hi Younnes,Apologies for the late replyâ€”your email got caught in my junk folder!I've already joined another team. Have you successfully formed your team yet? Also, do you have any project ideas you'd like to discuss or refine? I'd be happy to brainstorm together if needed.Looking forward to your thoughts!Best,LeoFrom: Younnes Haddouch Date: Wednesday, April 9, 2025 at 22:48To: lionyu_kong@outlook.com Subject: AI Agents HackathonHello Lionyu!I thought I'd send an email to let you know I've sent you a discord friend request to discuss further, my username is dilutedblasian. Regards,Younnes Haddouch"
Re: Looking for team member for the Microsoft AI Hackaton,"Hi Eric,Apologies for the delayed replyâ€”your email ended up in my junk folder!Iâ€™ve already joined another team, but I really love your project ideaâ€”itâ€™s super creative! Iâ€™ll definitely keep an eye on your progress. Wishing you all the best with it!Best,LeoFrom: Eric Silver Date: Wednesday, April 9, 2025 at 22:27To: Eric Silver Subject: Looking for team member for the Microsoft AI HackatonGenerated Content Creation to Supplement World-Building and StorytellingForge an AI-powered world-building and storytelling platform using Microsoft AI. This platform will allow users to create their worlds, generate dynamic stories, visualize scenes, and see relationships unfold in real-time.Team LeadHere are the details of a possible hackathon.Eric SilverLinkedInhttps://www.linkedin.com/in/eric-silver-tx/ğŸŒ USA FRISCO TexasPrototype can be found as a chat bot at the url of https://whisperwynd.comBackgroundBrought a children's book to life by building and deploying an interactive AI agent on whisperwynd.com. Using Microsoft Copilot Studio powered by Azure OpenAI and Azure AI Search, I implemented a Retrieval-Augmented Generation (RAG) system trained on the 20,000-word book. This allows users to ask detailed questions about the story and even generate new, character-consistent adventures through sophisticated prompt engineering. Managed the full deployment from architecture to live monitoring on the WordPress site.User Story Creation via Chatbot:Allow users to create new stories through a series of guided questions in a chatbot interface. The system will generate a narrative based on the user's responses, enabling them to customize and modify the story at any stage.World Creation Tools:Empower users to design their own fictional worlds. This includes mechanisms to add concepts, topics, and mini-stories, creating a rich and personalized world-building experience.Scene Visualization and AI-Generated Imagery:Users can describe a scene from their story, and the AI will generate an image that brings that scene to life, offering an immersive visual element to their narrative.Automatic Relationship Mapping:Implement an AI-powered system to automatically map relationships between characters, locations, and key plot elements, enhancing the narrative depth and consistency of the created world.Virtual Map Generation:Enable users to create a virtual map of their world, dynamically reflecting the geography, locations, and key places in their stories. This can be tied to the relationship mapping, offering a cohesive visualization of the world.Story Export to PDFAllow users to generate a downloadable PDF of their story, preserving their work in a polished and shareable format.Story Publishing:Provide functionality to post the generated story directly to an online story-sharing platform, enabling wider access and engagement with the user's creation.Sentiment Analysis via Text ClassificationUtilize text classification and sentiment analysis techniques to analyze the tone, mood, and emotional direction of the story, offering feedback to users about the emotional impact of their writingSkills I am looking forImage GenerationWeb Site Building Python FlaskCreative People willing to think outside of the box.Python Skill SetProblem SolverI am in the USA CDT Time but would like to have team members across different time zone.I will create a discord server and will also have a devops board as wellPreferred communication:â—¦ Discordâ—¦ Email or direct messages also welcome: esilver@argentquest.comâ—¦ Microsoft Team"
About the Linktree in your Hackathon post  ,Just a small heads-up: the Linktree you shared (https://linktr.ee/hrudu.shibu) seems to belong to someone elseâ€”maybe the link was copied by mistake? Thought Iâ€™d mention it just in case you wanted to update it. ğŸ˜ŠLetâ€™s win this! ğŸš€
